id,first_name,last_name,email,GPA,department,team
1,Shela,Dorrell,sdorrell0@gov.uk,2.77,Accounting,1
2,Claribel,Noddles,cnoddles1@cbc.ca,2.44,Services,2
3,Gerhard,Lounds,glounds2@china.com.cn,3.13,Services,3
4,Chastity,Enrietto,cenrietto3@nba.com,2.34,Sales,4
5,Marena,Benz,mbenz4@springer.com,2.99,Sales,5
6,Mateo,Dorman,mdorman5@multiply.com,2.14,Research and Development,6
7,Ximenes,Healey,xhealey6@fda.gov,3.14,Accounting,7
8,Free,Cadwell,fcadwell7@zdnet.com,1.22,Product Management,8
9,Raina,Sommer,rsommer8@addtoany.com,3.12,Human Resources,9
10,Corly,Joskowitz,cjoskowitz9@ustream.tv,1.57,Business Development,10
11,Alisa,Whapples,awhapplesa@hubpages.com,1.5,Services,11
12,Iago,Burdas,iburdasb@forbes.com,2.88,Business Development,12
13,Nicolle,Dorran,ndorranc@intel.com,1.9,Support,13
14,Devin,Danbye,ddanbyed@blogger.com,2.0,Legal,14
15,Pepillo,Denne,pdennee@economist.com,2.58,Legal,15
16,Lauretta,Goadby,lgoadbyf@360.cn,3.45,Support,16
17,Gonzales,Sear,gsearg@oakley.com,3.68,Support,17
18,Glennie,Cullivan,gcullivanh@feedburner.com,3.93,Support,18
19,Tersina,Stuckes,tstuckesi@sohu.com,3.23,Legal,19
20,Rickie,Copley,rcopleyj@nature.com,3.76,Research and Development,20
21,Dene,Allright,dallrightk@wiley.com,1.72,Sales,21
22,Pollyanna,Tschirschky,ptschirschkyl@stanford.edu,2.75,Training,22
23,Haily,Dowry,hdowrym@bravesites.com,2.74,Services,23
24,Linzy,Millsom,lmillsomn@infoseek.co.jp,3.15,Legal,24
25,Merissa,Fallon,mfallono@loc.gov,3.35,Research and Development,25
26,Sybilla,Lossman,slossmanp@unc.edu,1.48,Training,26
27,Halley,Brettor,hbrettorq@cdbaby.com,1.24,Training,27
28,Betta,Wabey,bwabeyr@google.ru,2.03,Accounting,28
29,Bathsheba,Blasiak,bblasiaks@dyndns.org,3.43,Legal,29
30,Dewie,Slyvester,dslyvestert@mapy.cz,2.87,Engineering,30
31,Silvie,Casperri,scasperriu@fda.gov,1.02,Human Resources,31
32,Kate,Taig,ktaigv@businessweek.com,3.56,Accounting,32
33,Tawnya,Cowgill,tcowgillw@photobucket.com,2.5,Training,33
34,Margaret,Endean,mendeanx@goodreads.com,1.37,Sales,34
35,Sylvester,Spurdens,sspurdensy@statcounter.com,3.37,Business Development,35
36,Adlai,Shaudfurth,ashaudfurthz@booking.com,2.47,Accounting,36
37,Nickola,MacColm,nmaccolm10@goodreads.com,3.12,Engineering,37
38,Cari,Seebert,cseebert11@blinklist.com,2.86,Support,38
39,Winn,Junkinson,wjunkinson12@wikimedia.org,3.09,Training,39
40,Regan,Cummungs,rcummungs13@ebay.com,1.85,Services,40
41,Langsdon,Coghill,lcoghill14@weebly.com,1.42,Support,41
42,Antonin,Kunkler,akunkler15@homestead.com,1.01,Research and Development,42
43,Courtney,Fradgley,cfradgley16@ifeng.com,2.06,Product Management,43
44,Holmes,Gabbitis,hgabbitis17@biblegateway.com,1.49,Accounting,44
45,Freddy,Ingrem,fingrem18@sakura.ne.jp,2.84,Legal,45
46,Rollie,How to preserve,rhowtopreserve19@blogger.com,1.9,Sales,46
47,Huntington,Burris,hburris1a@ocn.ne.jp,1.94,Engineering,47
48,North,Grigaut,ngrigaut1b@lulu.com,3.81,Engineering,48
49,Lem,McPolin,lmcpolin1c@lulu.com,1.71,Product Management,49
50,Towny,Hansford,thansford1d@vimeo.com,3.44,Sales,50
51,Farris,Maund,fmaund1e@privacy.gov.au,2.03,Training,51
52,Giana,Pidgin,gpidgin1f@last.fm,1.56,Marketing,52
53,Sylvia,Arlett,sarlett1g@senate.gov,3.26,Engineering,53
54,Johannes,Drynan,jdrynan1h@salon.com,3.99,Business Development,54
55,Alistair,Gotecliffe,agotecliffe1i@addthis.com,2.97,Marketing,55
56,Renaud,Jessup,rjessup1j@godaddy.com,3.34,Human Resources,56
57,Keir,Atwool,katwool1k@github.io,2.24,Training,57
58,Roshelle,Spelwood,rspelwood1l@etsy.com,3.44,Accounting,58
59,Octavia,Ollarenshaw,oollarenshaw1m@1688.com,1.94,Sales,59
60,Vida,Carmel,vcarmel1n@wix.com,1.0,Research and Development,60
61,Bill,Clohessy,bclohessy1o@un.org,2.23,Sales,61
62,Althea,La Batie,alabatie1p@samsung.com,1.64,Business Development,62
63,Merwin,McDuff,mmcduff1q@flickr.com,1.66,Business Development,63
64,Larissa,Balsom,lbalsom1r@unblog.fr,3.46,Marketing,64
65,Faustina,Blankley,fblankley1s@jiathis.com,1.96,Training,65
66,Filippa,Fuente,ffuente1t@archive.org,3.26,Product Management,66
67,Stella,Round,sround1u@so-net.ne.jp,1.56,Engineering,67
68,Brnaba,Youles,byoules1v@sina.com.cn,2.1,Training,68
69,Kelley,Gelardi,kgelardi1w@chron.com,2.43,Accounting,69
70,Pollyanna,Sandwith,psandwith1x@google.nl,3.62,Product Management,70
71,Winna,Chastel,wchastel1y@newsvine.com,2.66,Marketing,71
72,Sallee,Dunkerley,sdunkerley1z@skyrock.com,3.29,Marketing,72
73,Padraig,Matveyev,pmatveyev20@msu.edu,1.17,Accounting,73
74,Willie,Urlin,wurlin21@multiply.com,2.65,Marketing,74
75,Zeke,Lartice,zlartice22@wix.com,3.99,Training,75
76,Gerianna,Dunk,gdunk23@miitbeian.gov.cn,3.03,Product Management,76
77,Cynthia,Rocco,crocco24@vk.com,3.3,Engineering,77
78,Shannon,Giuroni,sgiuroni25@twitter.com,1.17,Support,78
79,Bendix,Boughen,bboughen26@nih.gov,2.76,Marketing,79
80,Lexi,Ianne,lianne27@yellowpages.com,3.82,Research and Development,80
81,Nelia,Sidnell,nsidnell28@diigo.com,1.79,Sales,81
82,Krispin,Trineman,ktrineman29@sina.com.cn,2.41,Marketing,82
83,Cristi,Crosham,ccrosham2a@bbc.co.uk,3.61,Marketing,83
84,Pippy,Wimpenny,pwimpenny2b@quantcast.com,3.82,Marketing,84
85,Ferdinand,Bocking,fbocking2c@sakura.ne.jp,1.82,Product Management,85
86,Corry,Mosson,cmosson2d@cloudflare.com,2.01,Sales,86
87,Filbert,Richards,frichards2e@posterous.com,1.37,Support,87
88,Philippa,Spurgin,pspurgin2f@hatena.ne.jp,1.32,Services,88
89,Abe,Messer,amesser2g@virginia.edu,1.47,Sales,89
90,Paulette,Pepperell,ppepperell2h@domainmarket.com,2.16,Business Development,90
91,Chen,Kiely,ckiely2i@diigo.com,2.13,Human Resources,91
92,Elspeth,Gresty,egresty2j@vk.com,2.45,Training,92
93,Gilles,Blanque,gblanque2k@photobucket.com,2.72,Legal,93
94,Dodie,Telezhkin,dtelezhkin2l@go.com,3.71,Accounting,94
95,Mandel,Shera,mshera2m@infoseek.co.jp,3.67,Product Management,95
96,Annadiana,Berrane,aberrane2n@ycombinator.com,2.61,Training,96
97,Herve,Shardlow,hshardlow2o@addthis.com,2.69,Accounting,97
98,Doreen,Slader,dslader2p@amazon.com,3.46,Engineering,98
99,Donnie,Kristufek,dkristufek2q@cnn.com,3.93,Business Development,99
100,Joane,Sibary,jsibary2r@studiopress.com,2.96,Services,100
101,Alfi,Batts,abatts2s@dailymail.co.uk,1.62,Accounting,101
102,Georgena,Holdforth,gholdforth2t@geocities.jp,2.47,Business Development,102
103,Prudy,Hordle,phordle2u@hhs.gov,2.07,Legal,103
104,Baron,McCurtin,bmccurtin2v@ocn.ne.jp,2.67,Marketing,104
105,Flem,Howlings,fhowlings2w@squidoo.com,1.06,Legal,105
106,Hildegarde,Twyford,htwyford2x@icio.us,1.5,Accounting,106
107,Quinn,Furman,qfurman2y@wisc.edu,2.68,Engineering,107
108,Constancy,Ranking,cranking2z@blogger.com,1.2,Human Resources,108
109,Palm,Thorsby,pthorsby30@tinypic.com,3.68,Research and Development,109
110,Alverta,Manicomb,amanicomb31@ezinearticles.com,1.29,Human Resources,110
111,Trever,Drayton,tdrayton32@telegraph.co.uk,2.83,Marketing,111
112,Kathe,Reveley,kreveley33@opera.com,2.69,Product Management,112
113,Carley,Arsmith,carsmith34@wikia.com,3.71,Research and Development,113
114,Cristine,Paule,cpaule35@elpais.com,3.74,Marketing,114
115,Elberta,Crispe,ecrispe36@cafepress.com,3.41,Business Development,115
116,Fabien,Fears,ffears37@fotki.com,2.93,Human Resources,116
117,Haskel,de Leon,hdeleon38@paginegialle.it,1.73,Training,117
118,Hannah,Bernon,hbernon39@sciencedaily.com,3.01,Accounting,118
119,Dominga,Brandoni,dbrandoni3a@earthlink.net,1.92,Engineering,119
120,Elton,Pentercost,epentercost3b@behance.net,1.31,Marketing,120
121,Raye,Tidgewell,rtidgewell3c@cornell.edu,1.47,Research and Development,121
122,Jana,Rojel,jrojel3d@berkeley.edu,2.43,Engineering,122
123,Nealon,Hofton,nhofton3e@csmonitor.com,1.9,Engineering,123
124,Stanley,Hansana,shansana3f@t-online.de,1.51,Support,124
125,Roana,Coathup,rcoathup3g@stumbleupon.com,3.3,Business Development,125
126,Doti,Toderi,dtoderi3h@arstechnica.com,2.65,Accounting,126
127,Britte,Ahern,bahern3i@bloomberg.com,2.65,Research and Development,127
128,Daron,Haet,dhaet3j@spotify.com,1.95,Legal,128
129,Genovera,Nutten,gnutten3k@deliciousdays.com,2.53,Support,129
130,Lilah,Goldis,lgoldis3l@unesco.org,3.48,Engineering,130
131,Darlleen,Kayes,dkayes3m@freewebs.com,1.4,Product Management,131
132,Burl,Graveston,bgraveston3n@patch.com,1.19,Sales,132
133,Aguie,Latimer,alatimer3o@state.gov,1.12,Human Resources,133
134,Janaya,Carver,jcarver3p@yale.edu,3.61,Engineering,134
135,Jorrie,Kenwyn,jkenwyn3q@economist.com,3.8,Research and Development,135
136,Lorri,Gerring,lgerring3r@youku.com,2.78,Accounting,136
137,Waneta,Scotter,wscotter3s@youtu.be,2.79,Research and Development,137
138,Gael,Redfield,gredfield3t@wikia.com,3.5,Engineering,138
139,Malchy,Bence,mbence3u@nsw.gov.au,1.69,Business Development,139
140,Reube,Roubert,rroubert3v@virginia.edu,2.87,Human Resources,140
141,Harli,Surpliss,hsurpliss3w@boston.com,2.08,Marketing,141
142,Clarinda,McCarle,cmccarle3x@hostgator.com,1.55,Support,142
143,Godart,Kivelle,gkivelle3y@istockphoto.com,3.04,Product Management,143
144,Abram,Inkpen,ainkpen3z@google.fr,2.71,Support,144
145,Arni,Merveille,amerveille40@oaic.gov.au,2.49,Sales,145
146,Casie,Leif,cleif41@cocolog-nifty.com,1.9,Product Management,146
147,Saree,Leyson,sleyson42@exblog.jp,2.41,Services,147
148,Ermin,De Caville,edecaville43@wufoo.com,1.15,Marketing,148
149,Christean,Sawers,csawers44@w3.org,2.3,Product Management,149
150,Noel,Kerslake,nkerslake45@rambler.ru,2.22,Marketing,150
151,Dorena,Temprell,dtemprell46@google.co.jp,3.4,Human Resources,151
152,Marleen,Heningam,mheningam47@pagesperso-orange.fr,1.76,Research and Development,152
153,Essy,Gisbourn,egisbourn48@army.mil,3.36,Training,153
154,Padraig,Wadwell,pwadwell49@liveinternet.ru,3.21,Accounting,154
155,Leonora,Kleinlerer,lkleinlerer4a@time.com,1.31,Engineering,155
156,Nicole,Whittle,nwhittle4b@google.co.uk,3.0,Training,156
157,Angie,Kaplin,akaplin4c@miibeian.gov.cn,1.8,Training,157
158,Annadiane,Lishmund,alishmund4d@weather.com,2.71,Engineering,158
159,Sianna,Rout,srout4e@virginia.edu,3.32,Research and Development,159
160,Zahara,Aspland,zaspland4f@hatena.ne.jp,2.82,Research and Development,160
161,Kelcie,Stonelake,kstonelake4g@imgur.com,2.19,Business Development,161
162,Flemming,Kindell,fkindell4h@is.gd,2.0,Product Management,162
163,Archambault,Salomon,asalomon4i@usgs.gov,3.5,Services,163
164,Cyrillus,Grellis,cgrellis4j@webnode.com,3.95,Human Resources,164
165,Sallyann,Gate,sgate4k@blogspot.com,3.04,Engineering,165
166,Sander,Belsey,sbelsey4l@woothemes.com,3.87,Engineering,166
167,Rupert,Ormerod,rormerod4m@lulu.com,2.92,Research and Development,167
168,Skelly,Pandey,spandey4n@nsw.gov.au,3.56,Sales,168
169,Birgit,MacShirie,bmacshirie4o@dyndns.org,2.32,Product Management,169
170,Carleen,Slaymaker,cslaymaker4p@java.com,3.27,Sales,170
171,Ronnie,Sparrow,rsparrow4q@purevolume.com,2.26,Support,171
172,Alameda,Frediani,afrediani4r@people.com.cn,2.21,Business Development,172
173,Una,Farloe,ufarloe4s@list-manage.com,1.69,Sales,173
174,Inger,Pealing,ipealing4t@china.com.cn,2.28,Support,174
175,Maximilian,Lundbech,mlundbech4u@disqus.com,3.51,Marketing,175
176,Geri,Priestman,gpriestman4v@npr.org,3.57,Training,176
177,Wilden,Del Checolo,wdelchecolo4w@discuz.net,3.28,Product Management,177
178,Barbe,Connor,bconnor4x@marriott.com,3.37,Engineering,178
179,Romola,Marlin,rmarlin4y@hao123.com,1.66,Human Resources,179
180,Patti,Robez,probez4z@soundcloud.com,3.15,Marketing,180
181,Yancy,Fryer,yfryer50@omniture.com,2.48,Engineering,181
182,Bob,Sends,bsends51@dyndns.org,3.66,Sales,182
183,Andros,Wildman,awildman52@comsenz.com,1.8,Accounting,183
184,Yoshiko,Stallion,ystallion53@feedburner.com,2.27,Support,184
185,Byrann,Kleine,bkleine54@google.fr,3.54,Product Management,185
186,Clare,Blasli,cblasli55@harvard.edu,3.96,Marketing,186
187,Free,Pirdue,fpirdue56@hubpages.com,1.87,Services,187
188,Stormie,Nani,snani57@altervista.org,3.48,Business Development,188
189,Frieda,Duckitt,fduckitt58@nba.com,3.49,Research and Development,189
190,Stafford,Dumphries,sdumphries59@github.io,3.08,Product Management,190
191,Roseanna,Hearthfield,rhearthfield5a@rambler.ru,1.39,Sales,191
192,Hermina,Castillo,hcastillo5b@printfriendly.com,2.54,Training,192
193,Car,Jeffryes,cjeffryes5c@moonfruit.com,1.79,Research and Development,193
194,Birdie,Messenger,bmessenger5d@bloglines.com,1.19,Legal,194
195,Gerrard,Miles,gmiles5e@bbc.co.uk,1.61,Business Development,195
196,Brier,Reddick,breddick5f@paypal.com,2.75,Product Management,196
197,Millisent,Baudon,mbaudon5g@youtu.be,3.2,Services,197
198,Kareem,Catchpole,kcatchpole5h@microsoft.com,1.41,Services,198
199,Helene,Claricoates,hclaricoates5i@independent.co.uk,2.82,Sales,199
200,Jermaine,Bulbeck,jbulbeck5j@blogtalkradio.com,3.84,Sales,200
201,Lise,Taffie,ltaffie5k@joomla.org,3.83,Research and Development,201
202,Catarina,Mussington,cmussington5l@bbb.org,2.2,Sales,202
203,Sioux,Brucker,sbrucker5m@chicagotribune.com,1.7,Research and Development,203
204,Tremayne,Gotcliff,tgotcliff5n@feedburner.com,3.81,Services,204
205,Nelia,Omond,nomond5o@nature.com,3.33,Services,205
206,Freddi,Mouser,fmouser5p@oracle.com,1.13,Product Management,206
207,Joachim,Cawood,jcawood5q@omniture.com,3.83,Accounting,207
208,Dell,Izakoff,dizakoff5r@woothemes.com,3.87,Business Development,208
209,Janek,Weinham,jweinham5s@wired.com,1.15,Legal,209
210,Giustina,Dantesia,gdantesia5t@ycombinator.com,1.46,Research and Development,210
211,Romonda,Embury,rembury5u@tmall.com,2.95,Product Management,211
212,Hagan,Braisted,hbraisted5v@washington.edu,3.8,Training,212
213,Eleanore,Nacey,enacey5w@qq.com,3.04,Engineering,213
214,Ardelis,Angel,aangel5x@noaa.gov,1.81,Human Resources,214
215,Jarrod,Road,jroad5y@xrea.com,2.98,Services,215
216,Delinda,Bruhnsen,dbruhnsen5z@t.co,1.97,Research and Development,216
217,Alexis,Linford,alinford60@samsung.com,2.91,Research and Development,217
218,Agosto,Joy,ajoy61@forbes.com,2.08,Sales,218
219,Bill,Marcombe,bmarcombe62@nbcnews.com,2.58,Sales,219
220,Quinton,Ixer,qixer63@ucla.edu,2.42,Human Resources,220
221,Martita,Bilsborrow,mbilsborrow64@auda.org.au,1.77,Business Development,221
222,Brunhilda,Barlace,bbarlace65@google.com,3.43,Services,222
223,Cathrin,Duesbury,cduesbury66@squarespace.com,3.53,Training,223
224,Garik,Agronski,gagronski67@blogger.com,2.71,Product Management,224
225,Leanora,Hunnywell,lhunnywell68@hao123.com,2.07,Marketing,225
226,Barrie,Kleinert,bkleinert69@seesaa.net,1.36,Product Management,226
227,Marielle,Swinley,mswinley6a@reddit.com,2.6,Human Resources,227
228,Pierce,Warrender,pwarrender6b@imageshack.us,3.01,Services,228
229,Guinna,Tassell,gtassell6c@trellian.com,1.33,Accounting,229
230,Clim,Dudding,cdudding6d@sciencedirect.com,3.03,Engineering,230
231,Stormie,Martinovic,smartinovic6e@1688.com,2.51,Training,231
232,Ginni,Clelland,gclelland6f@mit.edu,1.28,Legal,232
233,Aurel,Castelli,acastelli6g@businessinsider.com,1.21,Business Development,233
234,Dru,Lean,dlean6h@blinklist.com,1.42,Research and Development,234
235,Sisile,Blofeld,sblofeld6i@house.gov,3.18,Research and Development,235
236,Juliette,Crockley,jcrockley6j@ameblo.jp,2.77,Services,236
237,Minerva,Lere,mlere6k@bing.com,1.66,Legal,237
238,Angelo,Eslinger,aeslinger6l@theatlantic.com,1.58,Marketing,238
239,Akim,Marrington,amarrington6m@comsenz.com,1.27,Sales,239
240,Crysta,Bamber,cbamber6n@utexas.edu,1.25,Support,240
241,Derk,Hawes,dhawes6o@angelfire.com,3.37,Training,241
242,Guntar,Vedstra,gvedstra6p@goo.ne.jp,3.58,Support,242
243,Amalea,Pelzer,apelzer6q@ft.com,1.94,Services,243
244,Moreen,Millbank,mmillbank6r@github.io,3.4,Human Resources,244
245,Valina,McAllister,vmcallister6s@java.com,3.34,Services,245
246,Buddy,Dennidge,bdennidge6t@stumbleupon.com,2.35,Engineering,246
247,Pen,Amner,pamner6u@nasa.gov,1.93,Training,247
248,Marget,Gerhartz,mgerhartz6v@cocolog-nifty.com,1.57,Human Resources,248
249,Fidela,Pietzner,fpietzner6w@whitehouse.gov,3.78,Legal,249
250,Adeline,Kiezler,akiezler6x@fotki.com,2.23,Business Development,250
251,Becki,Vankov,bvankov6y@google.ru,3.41,Support,251
252,Doria,Pipworth,dpipworth6z@umich.edu,2.91,Business Development,252
253,Gilberto,Lilie,glilie70@163.com,1.75,Engineering,253
254,Jone,Grummitt,jgrummitt71@usda.gov,1.48,Services,254
255,Benson,Empson,bempson72@last.fm,2.09,Sales,255
256,Cheslie,Aberchirder,caberchirder73@wikipedia.org,2.07,Legal,256
257,Alexei,Beels,abeels74@drupal.org,2.97,Research and Development,257
258,Fallon,Cancelier,fcancelier75@odnoklassniki.ru,2.52,Engineering,258
259,Kathleen,Grishelyov,kgrishelyov76@elpais.com,3.76,Services,259
260,Angy,Ambrogioni,aambrogioni77@yandex.ru,1.29,Human Resources,260
261,Joachim,Pollitt,jpollitt78@webeden.co.uk,2.71,Engineering,261
262,Karlis,Blakeston,kblakeston79@soundcloud.com,1.58,Sales,262
263,Jacenta,Harvard,jharvard7a@shareasale.com,3.51,Training,263
264,Royce,Fearnsides,rfearnsides7b@ihg.com,3.73,Services,264
265,Spence,Cranmer,scranmer7c@bbc.co.uk,1.3,Marketing,265
266,Jenda,Greenhall,jgreenhall7d@msu.edu,3.86,Product Management,266
267,Kirsti,Ege,kege7e@tuttocitta.it,2.88,Engineering,267
268,Denny,Hanscombe,dhanscombe7f@myspace.com,2.62,Support,268
269,Rollie,Rankin,rrankin7g@blogs.com,1.16,Research and Development,269
270,Jacklin,Chorley,jchorley7h@woothemes.com,2.18,Legal,270
271,Adrianne,Corzon,acorzon7i@newsvine.com,3.85,Human Resources,271
272,Bartholemy,Kensett,bkensett7j@imgur.com,3.24,Support,272
273,Bethanne,Stefi,bstefi7k@linkedin.com,2.81,Business Development,273
274,Goddart,Handasyde,ghandasyde7l@dropbox.com,2.34,Legal,274
275,Brandise,Lowndsbrough,blowndsbrough7m@nationalgeographic.com,1.03,Services,275
276,Ebony,Wey,ewey7n@upenn.edu,2.8,Legal,276
277,Cayla,Taylor,ctaylor7o@parallels.com,2.77,Marketing,277
278,Jeffry,Coller,jcoller7p@time.com,3.21,Legal,278
279,Samara,Cruickshanks,scruickshanks7q@omniture.com,1.61,Business Development,279
280,Mickie,Mullane,mmullane7r@virginia.edu,3.54,Human Resources,280
281,Christalle,Farnon,cfarnon7s@bloglines.com,1.16,Support,281
282,Elwira,Aubury,eaubury7t@cyberchimps.com,2.13,Sales,282
283,Tomi,Gheraldi,tgheraldi7u@engadget.com,2.24,Legal,283
284,Gwennie,Penny,gpenny7v@furl.net,1.95,Sales,284
285,Karyn,Kalkofen,kkalkofen7w@gizmodo.com,2.74,Legal,285
286,Ailsun,Swalough,aswalough7x@boston.com,1.25,Services,286
287,Pascale,Peasgood,ppeasgood7y@vk.com,2.77,Services,287
288,Yetty,Aggett,yaggett7z@cocolog-nifty.com,2.58,Training,288
289,Neall,Lober,nlober80@about.me,3.88,Accounting,289
290,Adrea,Brigstock,abrigstock81@economist.com,1.23,Legal,290
291,Greta,Marunchak,gmarunchak82@bandcamp.com,1.3,Legal,291
292,Xymenes,Zipsell,xzipsell83@aol.com,2.78,Product Management,292
293,Randa,Bucknall,rbucknall84@unblog.fr,3.28,Accounting,293
294,Mayne,Pettifor,mpettifor85@rakuten.co.jp,3.4,Legal,294
295,Eartha,Braddon,ebraddon86@fotki.com,1.44,Business Development,295
296,Bridget,Orbon,borbon87@t.co,2.3,Product Management,296
297,Jacinthe,Deek,jdeek88@zdnet.com,2.91,Legal,297
298,Lida,Barnhart,lbarnhart89@tiny.cc,2.71,Services,298
299,Cordula,Lenney,clenney8a@tinypic.com,2.27,Product Management,299
300,Anjela,Ramelot,aramelot8b@163.com,1.89,Legal,300
301,Althea,Mabey,amabey8c@timesonline.co.uk,1.21,Business Development,301
302,Eunice,Haynesford,ehaynesford8d@accuweather.com,2.36,Legal,302
303,Dolores,Keasy,dkeasy8e@ibm.com,2.7,Services,303
304,Merola,Perring,mperring8f@springer.com,1.27,Legal,304
305,Tadeo,Burbury,tburbury8g@ustream.tv,2.48,Training,305
306,Yuri,Chill,ychill8h@hostgator.com,3.89,Accounting,306
307,Abran,Yeandel,ayeandel8i@oracle.com,2.26,Sales,307
308,Dougie,McGall,dmcgall8j@is.gd,1.01,Sales,308
309,Lilllie,Lewerenz,llewerenz8k@facebook.com,3.06,Marketing,309
310,Katerina,Gabb,kgabb8l@rediff.com,2.94,Legal,310
311,Colly,Swainsbury,cswainsbury8m@purevolume.com,2.74,Legal,311
312,Northrop,Meade,nmeade8n@msn.com,3.85,Sales,312
313,Lucia,Bonnell,lbonnell8o@devhub.com,1.53,Marketing,313
314,Maureen,Dadley,mdadley8p@4shared.com,2.1,Business Development,314
315,Daloris,Borgnet,dborgnet8q@cnet.com,2.5,Marketing,315
316,Nertie,Honniebal,nhonniebal8r@opensource.org,1.03,Research and Development,316
317,Aldric,Crummey,acrummey8s@google.ru,3.87,Services,317
318,Claudius,Slewcock,cslewcock8t@japanpost.jp,3.93,Marketing,318
319,Mina,Beecraft,mbeecraft8u@tmall.com,1.41,Research and Development,319
320,Ariela,Allan,aallan8v@nifty.com,3.21,Product Management,320
321,Winna,Giroldi,wgiroldi8w@bloomberg.com,1.24,Services,321
322,Mathilda,Grestye,mgrestye8x@soup.io,3.02,Services,322
323,Ameline,Mungham,amungham8y@netscape.com,3.16,Accounting,323
324,Otto,Hearon,ohearon8z@eepurl.com,1.8,Product Management,324
325,Angelique,Strood,astrood90@topsy.com,3.05,Support,325
326,Josephine,Dumbleton,jdumbleton91@over-blog.com,1.34,Sales,326
327,Heather,Le Ball,hleball92@chicagotribune.com,3.33,Business Development,327
328,Ruthanne,Allcock,rallcock93@microsoft.com,3.59,Marketing,328
329,Hillard,Lanon,hlanon94@smh.com.au,2.62,Legal,329
330,Georgine,Walsham,gwalsham95@wufoo.com,1.69,Accounting,330
331,Carolann,Stellin,cstellin96@nih.gov,3.86,Training,331
332,Darryl,Clench,dclench97@ft.com,1.17,Training,332
333,Ambros,Smye,asmye98@google.com.hk,3.26,Research and Development,333
334,Evelyn,Woolrich,ewoolrich99@linkedin.com,1.54,Sales,334
335,Cinda,McQuilliam,cmcquilliam9a@hugedomains.com,1.23,Sales,335
336,Osborn,Grimbleby,ogrimbleby9b@imgur.com,3.68,Accounting,336
337,Tate,Duffill,tduffill9c@yelp.com,3.05,Sales,337
338,Wilhelmine,Smead,wsmead9d@umich.edu,2.99,Training,338
339,Alain,Abbys,aabbys9e@drupal.org,1.19,Sales,339
340,Veronike,MacAlroy,vmacalroy9f@simplemachines.org,2.75,Human Resources,340
341,Gracia,Pauluzzi,gpauluzzi9g@newyorker.com,1.1,Research and Development,341
342,Aguistin,Sacase,asacase9h@chicagotribune.com,2.53,Research and Development,342
343,Karol,Seage,kseage9i@purevolume.com,1.22,Product Management,343
344,Deva,MacAlees,dmacalees9j@wisc.edu,1.55,Services,344
345,Nesta,Bransden,nbransden9k@dell.com,1.24,Legal,345
346,Farrel,Levi,flevi9l@umich.edu,3.56,Accounting,346
347,Celka,Gibbard,cgibbard9m@amazon.de,3.76,Accounting,347
348,Juline,Byrkmyr,jbyrkmyr9n@loc.gov,3.62,Engineering,348
349,Phelia,Tutton,ptutton9o@earthlink.net,1.86,Human Resources,349
350,Bail,Fawthorpe,bfawthorpe9p@merriam-webster.com,1.46,Product Management,350
351,Shane,Muriel,smuriel9q@wiley.com,1.92,Accounting,351
352,Erinn,Sayle,esayle9r@tinyurl.com,3.24,Marketing,352
353,Callie,Henriksson,chenriksson9s@skyrock.com,3.2,Training,353
354,Algernon,McCambrois,amccambrois9t@miitbeian.gov.cn,1.27,Research and Development,354
355,Cross,Limbrick,climbrick9u@nationalgeographic.com,1.38,Human Resources,355
356,Shannan,Kelland,skelland9v@163.com,2.41,Support,356
357,Ashil,Jerosch,ajerosch9w@seattletimes.com,1.42,Accounting,357
358,Bamby,Hedlestone,bhedlestone9x@webs.com,3.36,Accounting,358
359,Jamaal,Pouton,jpouton9y@aboutads.info,1.83,Engineering,359
360,Aime,Bollini,abollini9z@noaa.gov,3.75,Business Development,360
361,Gradey,Frangione,gfrangionea0@forbes.com,2.9,Marketing,361
362,Dalli,Abeau,dabeaua1@sun.com,1.67,Product Management,362
363,Valdemar,Thames,vthamesa2@nhs.uk,2.84,Engineering,363
364,Lissi,Aldam,laldama3@unblog.fr,3.08,Training,364
365,Flossy,Cominoli,fcominolia4@umn.edu,3.45,Sales,365
366,Annora,Fentem,afentema5@freewebs.com,1.22,Research and Development,366
367,Ranee,Goldsbury,rgoldsburya6@spotify.com,3.4,Engineering,367
368,Addy,Avrahm,aavrahma7@clickbank.net,2.62,Sales,368
369,Etan,Cullabine,ecullabinea8@cbslocal.com,2.88,Business Development,369
370,Madalyn,Giacubbo,mgiacubboa9@fastcompany.com,1.6,Accounting,370
371,Coop,Fawlks,cfawlksaa@pbs.org,3.19,Legal,371
372,Katy,Goldingay,kgoldingayab@accuweather.com,2.39,Accounting,372
373,Karlen,Eringey,keringeyac@google.co.jp,3.21,Engineering,373
374,Tannie,Sporgeon,tsporgeonad@hatena.ne.jp,1.62,Engineering,374
375,Melvyn,Szwandt,mszwandtae@ehow.com,1.76,Legal,375
376,Ardenia,Betho,abethoaf@umn.edu,2.03,Accounting,376
377,Aurel,Bryns,abrynsag@people.com.cn,2.92,Accounting,377
378,Enrichetta,Alessandone,ealessandoneah@sbwire.com,1.29,Product Management,378
379,Rabbi,Kettle,rkettleai@latimes.com,1.93,Marketing,379
380,Kitty,Lanegran,klanegranaj@fema.gov,2.16,Product Management,380
381,Stacee,Seath,sseathak@printfriendly.com,3.43,Human Resources,381
382,Vivian,O'Toole,votooleal@craigslist.org,1.27,Research and Development,382
383,Kerwin,Kennet,kkennetam@msu.edu,1.88,Services,383
384,Rorke,Zipsell,rzipsellan@ft.com,2.8,Product Management,384
385,Early,Treske,etreskeao@vinaora.com,3.23,Legal,385
386,Jacinta,Featherbie,jfeatherbieap@prweb.com,1.49,Legal,386
387,Howard,Lobell,hlobellaq@msu.edu,3.29,Research and Development,387
388,Gaby,Potter,gpotterar@prlog.org,3.61,Product Management,388
389,Mariette,Gillespey,mgillespeyas@wp.com,2.74,Marketing,389
390,Cristy,Gerrans,cgerransat@tinyurl.com,2.75,Legal,390
391,Archambault,Hercock,ahercockau@linkedin.com,3.04,Sales,391
392,Darsey,Gasson,dgassonav@businesswire.com,2.92,Services,392
393,Nobe,Daubeny,ndaubenyaw@wikia.com,3.99,Accounting,393
394,Zulema,McGillreich,zmcgillreichax@google.ca,1.91,Human Resources,394
395,Sharron,Major,smajoray@php.net,3.44,Sales,395
396,Alana,Bridson,abridsonaz@cdbaby.com,1.03,Engineering,396
397,Conan,Goodacre,cgoodacreb0@mysql.com,1.77,Services,397
398,Dorelia,Johnikin,djohnikinb1@chron.com,3.99,Human Resources,398
399,Ernaline,Keppy,ekeppyb2@imdb.com,3.31,Human Resources,399
400,Dar,Pordal,dpordalb3@ted.com,2.13,Accounting,400
401,Mahmud,Doerr,mdoerrb4@imdb.com,2.95,Support,401
402,Gaultiero,Claesens,gclaesensb5@reverbnation.com,3.7,Services,402
403,Aaren,Hryskiewicz,ahryskiewiczb6@parallels.com,2.71,Support,403
404,Kurt,Costanza,kcostanzab7@linkedin.com,3.04,Business Development,404
405,Rad,Labbe,rlabbeb8@imdb.com,3.66,Sales,405
406,Sherlocke,Tilte,stilteb9@ftc.gov,3.29,Training,406
407,Edward,Diviny,edivinyba@go.com,3.54,Services,407
408,Allsun,Rooney,arooneybb@booking.com,3.59,Legal,408
409,Spense,Wohler,swohlerbc@ed.gov,1.03,Support,409
410,Orlando,Bradman,obradmanbd@fema.gov,2.67,Training,410
411,Yvette,Lees,yleesbe@paypal.com,1.36,Product Management,411
412,Mal,Davidofski,mdavidofskibf@youku.com,2.82,Sales,412
413,Caddric,Wilkennson,cwilkennsonbg@msn.com,3.47,Business Development,413
414,Conant,Spittall,cspittallbh@google.pl,3.94,Business Development,414
415,Chadwick,Hanway,chanwaybi@liveinternet.ru,3.72,Marketing,415
416,Danette,Woodruffe,dwoodruffebj@hostgator.com,2.31,Product Management,416
417,Jean,MacTrustram,jmactrustrambk@linkedin.com,3.59,Support,417
418,Jaclin,Nezey,jnezeybl@ezinearticles.com,2.86,Accounting,418
419,Arturo,Raybould,araybouldbm@unicef.org,3.68,Training,419
420,Hillie,Powdrill,hpowdrillbn@ebay.com,1.98,Sales,420
421,Obediah,Brunon,obrunonbo@yellowpages.com,1.13,Legal,421
422,Margarethe,Rothon,mrothonbp@meetup.com,1.64,Support,422
423,Elaina,Sellars,esellarsbq@usgs.gov,3.36,Training,423
424,Cinderella,Jindrich,cjindrichbr@craigslist.org,1.95,Training,424
425,Vite,Keward,vkewardbs@hostgator.com,1.27,Legal,425
426,Selle,Cloney,scloneybt@bigcartel.com,3.61,Legal,426
427,Pandora,Burnapp,pburnappbu@auda.org.au,1.63,Legal,427
428,Marrilee,Pachta,mpachtabv@foxnews.com,2.41,Support,428
429,Ebeneser,Parzizek,eparzizekbw@marketwatch.com,2.59,Marketing,429
430,Helene,Edmans,hedmansbx@jalbum.net,2.65,Training,430
431,Madalena,Alflatt,malflattby@addtoany.com,3.2,Business Development,431
432,Lishe,Eastham,leasthambz@ocn.ne.jp,1.25,Training,432
433,Homer,Grishakov,hgrishakovc0@hud.gov,1.19,Business Development,433
434,Mack,Bleibaum,mbleibaumc1@gizmodo.com,2.72,Support,434
435,Sharl,Grimmolby,sgrimmolbyc2@google.com.br,2.55,Engineering,435
436,Thedric,Pridie,tpridiec3@google.it,1.39,Support,436
437,Belicia,Dixie,bdixiec4@bluehost.com,3.28,Support,437
438,Tomasine,Bemlott,tbemlottc5@miitbeian.gov.cn,1.46,Research and Development,438
439,Quintilla,Gorghetto,qgorghettoc6@globo.com,1.8,Business Development,439
440,Morrie,Hyde,mhydec7@diigo.com,1.77,Product Management,440
441,Zonda,Pease,zpeasec8@deviantart.com,2.18,Business Development,441
442,Bobina,Pickburn,bpickburnc9@csmonitor.com,3.78,Legal,442
443,Matilda,Gabbatt,mgabbattca@slideshare.net,3.69,Services,443
444,Dylan,Stainson,dstainsoncb@weather.com,3.37,Sales,444
445,Iona,Brawson,ibrawsoncc@ftc.gov,3.14,Training,445
446,Erastus,Heugle,eheuglecd@mapquest.com,3.2,Business Development,446
447,Iolanthe,Rice,iricece@wunderground.com,1.22,Engineering,447
448,Allis,Presidey,apresideycf@reuters.com,1.04,Services,448
449,George,Selland,gsellandcg@unicef.org,3.34,Sales,449
450,Olga,Chrispin,ochrispinch@si.edu,1.05,Sales,450
451,Benjamen,Wherrit,bwherritci@a8.net,3.94,Engineering,451
452,Arvie,Petroulis,apetrouliscj@mlb.com,1.39,Research and Development,452
453,Shamus,Hawtin,shawtinck@goodreads.com,2.78,Services,453
454,Nichole,Courtenay,ncourtenaycl@go.com,1.21,Engineering,454
455,Bentlee,Harty,bhartycm@omniture.com,2.36,Services,455
456,Siffre,Trolley,strolleycn@deviantart.com,2.46,Support,456
457,Barnabe,Hadkins,bhadkinsco@slashdot.org,3.66,Engineering,457
458,Helsa,Twelftree,htwelftreecp@ted.com,1.79,Legal,458
459,Donn,Whatling,dwhatlingcq@icio.us,3.83,Human Resources,459
460,Susann,Castaignet,scastaignetcr@phoca.cz,3.15,Training,460
461,Yasmin,Hogbin,yhogbincs@ca.gov,3.62,Services,461
462,Josefa,Nolan,jnolanct@aol.com,2.57,Support,462
463,Tedie,Carass,tcarasscu@discuz.net,2.8,Engineering,463
464,Sven,Goby,sgobycv@privacy.gov.au,2.07,Engineering,464
465,Dorice,Nund,dnundcw@ycombinator.com,2.28,Business Development,465
466,Jaquelyn,Trollope,jtrollopecx@tinypic.com,2.52,Business Development,466
467,Oliviero,Illwell,oillwellcy@prnewswire.com,1.47,Business Development,467
468,Corie,Banger,cbangercz@cocolog-nifty.com,2.35,Support,468
469,Aline,Roser,aroserd0@livejournal.com,1.38,Marketing,469
470,Celestia,Duffit,cduffitd1@rediff.com,1.47,Sales,470
471,Matthew,Fullerton,mfullertond2@icq.com,3.38,Human Resources,471
472,Rodi,Curwen,rcurwend3@w3.org,3.57,Services,472
473,Alvinia,Sly,aslyd4@dropbox.com,2.3,Product Management,473
474,Algernon,Fealy,afealyd5@simplemachines.org,3.53,Training,474
475,Ford,Cleobury,fcleoburyd6@msn.com,2.96,Marketing,475
476,Marguerite,McCrackem,mmccrackemd7@dion.ne.jp,1.62,Sales,476
477,Bendite,Purse,bpursed8@foxnews.com,2.2,Legal,477
478,Tessa,Freddi,tfreddid9@amazon.co.uk,3.82,Support,478
479,Willdon,Colson,wcolsonda@google.co.uk,1.24,Engineering,479
480,Creight,Allmann,callmanndb@ebay.co.uk,3.16,Product Management,480
481,Immanuel,Phant,iphantdc@printfriendly.com,1.88,Human Resources,481
482,Layton,Woakes,lwoakesdd@goo.gl,3.99,Engineering,482
483,Pam,Carcas,pcarcasde@ycombinator.com,3.38,Product Management,483
484,Ozzie,O'Doherty,oodohertydf@feedburner.com,1.36,Legal,484
485,Claudio,Melrose,cmelrosedg@soup.io,1.04,Human Resources,485
486,Noel,Reef,nreefdh@princeton.edu,1.09,Training,486
487,Geri,Scading,gscadingdi@unc.edu,1.94,Human Resources,487
488,Sibley,Lundie,slundiedj@nationalgeographic.com,1.3,Support,488
489,Carolynn,Inkpin,cinkpindk@istockphoto.com,2.5,Accounting,489
490,Birgitta,Reah,breahdl@wikipedia.org,3.5,Training,490
491,Katrinka,Sircomb,ksircombdm@nhs.uk,1.5,Research and Development,491
492,Taite,Tellenbroker,ttellenbrokerdn@walmart.com,3.58,Support,492
493,Hal,Glasebrook,hglasebrookdo@booking.com,3.86,Human Resources,493
494,Vonny,Donaho,vdonahodp@npr.org,1.98,Research and Development,494
495,Arnuad,Agronski,aagronskidq@ebay.com,3.48,Accounting,495
496,Bab,Housby,bhousbydr@nymag.com,3.13,Services,496
497,Sonia,Heinert,sheinertds@ibm.com,2.51,Product Management,497
498,Harv,Ventura,hventuradt@census.gov,1.96,Legal,498
499,Helli,Vanetti,hvanettidu@t.co,2.94,Accounting,499
500,Yulma,Itzkovwitch,yitzkovwitchdv@sfgate.com,2.0,Sales,500
501,Eleonore,Berriball,eberriballdw@nifty.com,3.87,Business Development,501
502,Lucila,De Hoogh,ldehooghdx@va.gov,1.76,Sales,502
503,Tirrell,Cullabine,tcullabinedy@usnews.com,2.91,Support,503
504,Freeman,Francombe,ffrancombedz@phoca.cz,3.78,Sales,504
505,Dulsea,Howie,dhowiee0@ibm.com,1.64,Training,505
506,Anna,Lomen,alomene1@sina.com.cn,2.73,Sales,506
507,Camille,Gresley,cgresleye2@weather.com,2.41,Marketing,507
508,Andy,Surgenor,asurgenore3@mayoclinic.com,3.54,Marketing,508
509,Rowena,Struys,rstruyse4@sitemeter.com,3.12,Accounting,509
510,Paolo,Izakov,pizakove5@technorati.com,2.47,Product Management,510
511,Brod,De Witt,bdewitte6@google.ca,3.13,Training,511
512,Mirna,Tolmie,mtolmiee7@gizmodo.com,2.17,Legal,512
513,Lennard,Millar,lmillare8@parallels.com,1.17,Engineering,513
514,Kellie,Goulthorp,kgoulthorpe9@a8.net,3.41,Engineering,514
515,Elmira,Tedman,etedmanea@google.ca,1.93,Support,515
516,Debera,Jessett,djessetteb@princeton.edu,2.45,Sales,516
517,Janith,Dawton,jdawtonec@google.ca,3.2,Human Resources,517
518,Lorilyn,Mars,lmarsed@soundcloud.com,1.3,Services,518
519,Emmery,Plumptre,eplumptreee@tmall.com,3.63,Human Resources,519
520,Ally,Dungey,adungeyef@quantcast.com,3.85,Sales,520
521,Barty,Plett,bpletteg@dyndns.org,2.2,Support,521
522,Jaquelyn,Flay,jflayeh@free.fr,3.01,Product Management,522
523,Joe,Cowderoy,jcowderoyei@pen.io,3.19,Marketing,523
524,Basilio,Spybey,bspybeyej@networksolutions.com,2.62,Services,524
525,Julee,Seed,jseedek@bing.com,3.44,Accounting,525
526,Petra,Gun,pgunel@mozilla.com,1.76,Product Management,526
527,Rodrique,Tordoff,rtordoffem@canalblog.com,1.18,Training,527
528,Lorrin,Kira,lkiraen@ow.ly,2.5,Services,528
529,Innis,Gannaway,igannawayeo@smh.com.au,1.17,Training,529
530,Cordelia,Grinin,cgrininep@yellowpages.com,2.15,Research and Development,530
531,Selena,Jansema,sjansemaeq@miitbeian.gov.cn,3.22,Business Development,531
532,Carlynn,Cosham,ccoshamer@acquirethisname.com,3.73,Accounting,532
533,Amberly,Cragoe,acragoees@accuweather.com,3.69,Services,533
534,Idalina,Beatty,ibeattyet@oakley.com,1.43,Business Development,534
535,Maurene,Trahmel,mtrahmeleu@cbsnews.com,1.75,Training,535
536,Nick,Splain,nsplainev@ocn.ne.jp,3.38,Legal,536
537,Cy,Braunter,cbraunterew@cam.ac.uk,3.4,Marketing,537
538,Kathy,Edrich,kedrichex@google.co.jp,1.18,Research and Development,538
539,Jarrod,Dayer,jdayerey@youtube.com,2.8,Marketing,539
540,Jonell,Jesty,jjestyez@virginia.edu,1.17,Training,540
541,Ruperta,Burstow,rburstowf0@admin.ch,3.73,Sales,541
542,Deirdre,Collyer,dcollyerf1@aol.com,2.2,Accounting,542
543,Marline,Vautre,mvautref2@reverbnation.com,2.8,Marketing,543
544,Shannah,Corbitt,scorbittf3@cloudflare.com,1.77,Services,544
545,Cosette,Fourman,cfourmanf4@engadget.com,3.63,Training,545
546,Curran,Fishpoole,cfishpoolef5@umn.edu,1.08,Support,546
547,Ora,Danett,odanettf6@tiny.cc,3.44,Engineering,547
548,Tandi,Cuvley,tcuvleyf7@tinyurl.com,2.91,Accounting,548
549,Bobby,Zmitrichenko,bzmitrichenkof8@tinyurl.com,2.77,Sales,549
550,Bentley,Tregona,btregonaf9@google.nl,3.55,Legal,550
551,Aarika,Walbridge,awalbridgefa@furl.net,2.49,Training,551
552,Sonja,Pottberry,spottberryfb@samsung.com,3.96,Engineering,552
553,Reuven,McGuiney,rmcguineyfc@army.mil,2.46,Product Management,553
554,Rena,Knightsbridge,rknightsbridgefd@vinaora.com,3.89,Support,554
555,Coraline,Skill,cskillfe@bigcartel.com,1.4,Accounting,555
556,Charis,Papworth,cpapworthff@twitter.com,2.19,Research and Development,556
557,Debor,Keyte,dkeytefg@blogs.com,1.89,Business Development,557
558,Rheba,Downie,rdowniefh@360.cn,2.34,Marketing,558
559,Bryant,Branscomb,bbranscombfi@yandex.ru,2.24,Services,559
560,Artemis,Theze,athezefj@mit.edu,3.42,Engineering,560
561,Toma,Inkin,tinkinfk@illinois.edu,1.57,Training,561
562,Mei,Kynman,mkynmanfl@wikispaces.com,3.68,Training,562
563,Mehetabel,Bewshea,mbewsheafm@washington.edu,2.95,Research and Development,563
564,Geoffry,Polleye,gpolleyefn@army.mil,2.22,Services,564
565,Noella,Konzel,nkonzelfo@github.com,2.42,Business Development,565
566,Carolina,Luter,cluterfp@hubpages.com,3.38,Human Resources,566
567,Guilbert,Guilleton,gguilletonfq@netlog.com,2.75,Support,567
568,Daphna,Gillopp,dgilloppfr@unicef.org,2.21,Services,568
569,Eadith,Howson,ehowsonfs@plala.or.jp,3.3,Accounting,569
570,Cristiano,Vlasenko,cvlasenkoft@ft.com,3.31,Accounting,570
571,Maire,Sabate,msabatefu@sciencedaily.com,3.55,Product Management,571
572,Lara,Dessent,ldessentfv@sun.com,2.74,Support,572
573,Franklyn,Uvedale,fuvedalefw@gnu.org,2.69,Human Resources,573
574,Darsie,Redfield,dredfieldfx@desdev.cn,3.17,Marketing,574
575,Neel,Rawet,nrawetfy@usa.gov,3.62,Human Resources,575
576,Scottie,Bendixen,sbendixenfz@ucla.edu,2.45,Marketing,576
577,Keefe,Crothers,kcrothersg0@sciencedirect.com,2.63,Legal,577
578,Samuel,Sympson,ssympsong1@weibo.com,1.5,Product Management,578
579,Esdras,Friend,efriendg2@blog.com,3.38,Support,579
580,Ronald,Cavolini,rcavolinig3@a8.net,2.25,Training,580
581,Odo,Huller,ohullerg4@blogtalkradio.com,3.21,Research and Development,581
582,Justus,Trower,jtrowerg5@livejournal.com,1.77,Support,582
583,Marijo,Topp,mtoppg6@virginia.edu,1.5,Support,583
584,Jozef,Glencrosche,jglencroscheg7@un.org,2.67,Engineering,584
585,Barny,Henri,bhenrig8@cnn.com,1.82,Training,585
586,Stanfield,Kach,skachg9@stumbleupon.com,3.93,Accounting,586
587,Rube,Dominec,rdominecga@domainmarket.com,1.85,Business Development,587
588,Lorena,Panchin,lpanchingb@yellowbook.com,1.42,Business Development,588
589,Rossy,Briers,rbriersgc@cafepress.com,3.05,Accounting,589
590,Garnet,Delamar,gdelamargd@latimes.com,1.85,Support,590
591,Demeter,Oger,dogerge@google.it,3.88,Human Resources,591
592,Sephira,Arthan,sarthangf@spiegel.de,2.91,Accounting,592
593,Decca,Stranieri,dstranierigg@zdnet.com,2.46,Training,593
594,Lin,Palke,lpalkegh@wsj.com,2.32,Accounting,594
595,Kendra,Labat,klabatgi@utexas.edu,3.44,Services,595
596,Paco,Kuna,pkunagj@about.me,2.69,Human Resources,596
597,Corabel,Andrzejowski,candrzejowskigk@auda.org.au,2.96,Support,597
598,Ester,Wagenen,ewagenengl@princeton.edu,1.14,Product Management,598
599,Gypsy,Di Domenico,gdidomenicogm@123-reg.co.uk,2.15,Marketing,599
600,Morey,Dyzart,mdyzartgn@cafepress.com,1.85,Product Management,600
601,Spencer,Harbisher,sharbishergo@wordpress.com,3.09,Marketing,601
602,Towny,Bog,tboggp@lycos.com,1.01,Sales,602
603,Addia,Wannell,awannellgq@trellian.com,1.42,Services,603
604,Isabelle,Rollinson,irollinsongr@taobao.com,1.97,Engineering,604
605,Debby,Hauxby,dhauxbygs@spiegel.de,3.58,Support,605
606,Basilio,Sandcraft,bsandcraftgt@parallels.com,2.12,Accounting,606
607,Fan,Erbe,ferbegu@sakura.ne.jp,3.42,Sales,607
608,Carlita,Ondrousek,condrousekgv@is.gd,2.52,Training,608
609,Yetty,McMichael,ymcmichaelgw@technorati.com,2.82,Support,609
610,Bartholomeo,Bonefant,bbonefantgx@last.fm,2.9,Services,610
611,Lonnie,Shellibeer,lshellibeergy@cyberchimps.com,2.82,Business Development,611
612,Barnett,Halwell,bhalwellgz@eventbrite.com,1.33,Marketing,612
613,Nedi,Bohman,nbohmanh0@wix.com,3.35,Research and Development,613
614,Reeta,Jonke,rjonkeh1@webmd.com,3.98,Services,614
615,Mireielle,Batson,mbatsonh2@shop-pro.jp,2.09,Product Management,615
616,Saundra,McJury,smcjuryh3@reverbnation.com,2.26,Marketing,616
617,Paolo,Breitling,pbreitlingh4@bravesites.com,2.68,Services,617
618,Conan,Girard,cgirardh5@delicious.com,2.53,Services,618
619,Kelwin,Ikin,kikinh6@histats.com,3.02,Engineering,619
620,Anett,Cronchey,acroncheyh7@shop-pro.jp,2.29,Training,620
621,Susan,Langdridge,slangdridgeh8@vk.com,1.89,Legal,621
622,Willamina,Gasperi,wgasperih9@ovh.net,1.83,Accounting,622
623,Malissia,Scotsbrook,mscotsbrookha@foxnews.com,1.02,Business Development,623
624,Crosby,Moyer,cmoyerhb@illinois.edu,3.79,Training,624
625,Florrie,Callan,fcallanhc@yellowpages.com,2.19,Legal,625
626,Adrianne,Ingley,aingleyhd@usatoday.com,2.78,Legal,626
627,Olia,Braunlein,obraunleinhe@edublogs.org,2.04,Product Management,627
628,Deanne,Gonzales,dgonzaleshf@friendfeed.com,1.24,Marketing,628
629,Phaedra,Plante,pplantehg@disqus.com,1.85,Product Management,629
630,Corny,Rembaud,crembaudhh@dyndns.org,2.06,Engineering,630
631,Jaquelyn,Scholig,jscholighi@skype.com,2.19,Accounting,631
632,Tabitha,Humberston,thumberstonhj@uol.com.br,1.48,Human Resources,632
633,Alisander,Taysbil,ataysbilhk@miibeian.gov.cn,2.15,Accounting,633
634,Suzi,Milmore,smilmorehl@dailymotion.com,2.34,Research and Development,634
635,Torie,Meegin,tmeeginhm@wsj.com,3.39,Business Development,635
636,Sheri,Jessen,sjessenhn@nba.com,3.12,Legal,636
637,Dianemarie,Jansson,djanssonho@ovh.net,3.7,Accounting,637
638,Sigrid,Duran,sduranhp@marketwatch.com,1.22,Marketing,638
639,Guss,Perrott,gperrotthq@miibeian.gov.cn,1.58,Support,639
640,Bobbye,Powdrell,bpowdrellhr@trellian.com,3.71,Engineering,640
641,Lorilyn,Fidilis,lfidilishs@people.com.cn,1.36,Product Management,641
642,Austin,Soots,asootsht@auda.org.au,1.22,Human Resources,642
643,Leela,Taig,ltaighu@apple.com,2.82,Business Development,643
644,Skipper,Malpas,smalpashv@php.net,3.04,Product Management,644
645,Thom,Camden,tcamdenhw@list-manage.com,1.39,Legal,645
646,Tibold,Queyeiro,tqueyeirohx@jiathis.com,3.61,Marketing,646
647,Claiborne,Moulder,cmoulderhy@example.com,1.12,Research and Development,647
648,Shannan,Marousek,smarousekhz@newyorker.com,2.77,Research and Development,648
649,Tabor,Finlater,tfinlateri0@sohu.com,3.44,Training,649
650,Tanitansy,Burris,tburrisi1@a8.net,3.4,Support,650
651,Flore,Marden,fmardeni2@scientificamerican.com,3.8,Support,651
652,Leslie,Parsisson,lparsissoni3@cdc.gov,2.14,Engineering,652
653,Car,Drewett,cdrewetti4@adobe.com,1.32,Engineering,653
654,Simon,Greenroa,sgreenroai5@blog.com,1.2,Engineering,654
655,Susy,Dulanty,sdulantyi6@imageshack.us,2.63,Human Resources,655
656,Anstice,Tolumello,atolumelloi7@shareasale.com,4.0,Sales,656
657,Gary,Sanford,gsanfordi8@phpbb.com,2.45,Legal,657
658,Martelle,Tregenna,mtregennai9@hibu.com,3.94,Business Development,658
659,Maurice,Folomkin,mfolomkinia@gravatar.com,1.62,Legal,659
660,Ezmeralda,Sellers,esellersib@qq.com,3.39,Services,660
661,Flss,Lockhart,flockhartic@craigslist.org,2.48,Support,661
662,Rivkah,MacVean,rmacveanid@nydailynews.com,3.18,Support,662
663,Niels,Gladman,ngladmanie@dmoz.org,2.21,Product Management,663
664,Tallia,MacKnight,tmacknightif@prnewswire.com,3.71,Human Resources,664
665,Andie,Doret,adoretig@bandcamp.com,3.08,Human Resources,665
666,Ashien,Powers,apowersih@nasa.gov,2.79,Human Resources,666
667,Phil,Edgehill,pedgehillii@hhs.gov,2.86,Sales,667
668,Noni,Eccleshare,neccleshareij@1688.com,3.08,Legal,668
669,Devan,O'Fogerty,dofogertyik@jiathis.com,1.82,Accounting,669
670,Nicoline,Freckelton,nfreckeltonil@a8.net,1.58,Research and Development,670
671,Robbin,Korf,rkorfim@berkeley.edu,1.6,Marketing,671
672,Gerladina,Luttger,gluttgerin@weibo.com,1.96,Engineering,672
673,Oona,Heisler,oheislerio@arstechnica.com,3.75,Services,673
674,Marcel,Birdwistle,mbirdwistleip@java.com,1.89,Research and Development,674
675,Michel,McGrae,mmcgraeiq@people.com.cn,1.38,Business Development,675
676,Janenna,Wychard,jwychardir@list-manage.com,2.18,Engineering,676
677,Sabrina,Wetherburn,swetherburnis@meetup.com,3.68,Product Management,677
678,Cher,Dingsdale,cdingsdaleit@dailymail.co.uk,1.39,Research and Development,678
679,Woody,Odd,woddiu@opera.com,1.48,Training,679
680,Grier,Guage,gguageiv@nationalgeographic.com,3.57,Support,680
681,Barnard,Culpen,bculpeniw@theglobeandmail.com,3.44,Research and Development,681
682,Shep,Aurelius,saureliusix@gov.uk,1.44,Training,682
683,Melessa,Collecott,mcollecottiy@drupal.org,3.88,Support,683
684,Arnaldo,Bushell,abushelliz@163.com,3.62,Engineering,684
685,Addie,Rankmore,arankmorej0@theglobeandmail.com,3.75,Human Resources,685
686,Barby,Code,bcodej1@digg.com,1.68,Business Development,686
687,Nani,Columbine,ncolumbinej2@wired.com,2.74,Human Resources,687
688,Dietrich,Gogay,dgogayj3@ftc.gov,1.65,Accounting,688
689,Tomasine,Stenson,tstensonj4@dailymotion.com,2.13,Engineering,689
690,Koenraad,Luff,kluffj5@umich.edu,2.4,Marketing,690
691,Marylinda,Kobke,mkobkej6@sciencedirect.com,3.82,Business Development,691
692,Saudra,Sigward,ssigwardj7@microsoft.com,2.52,Training,692
693,Rhys,Jacklings,rjacklingsj8@washington.edu,2.53,Accounting,693
694,Karlis,Klug,kklugj9@oaic.gov.au,3.73,Research and Development,694
695,Onida,Klaffs,oklaffsja@go.com,3.16,Human Resources,695
696,Sidonia,Stuckford,sstuckfordjb@shop-pro.jp,2.42,Training,696
697,Batsheva,Ruddlesden,bruddlesdenjc@dell.com,2.38,Accounting,697
698,Jamaal,Sleith,jsleithjd@histats.com,3.98,Engineering,698
699,Berty,Caves,bcavesje@nsw.gov.au,3.34,Sales,699
700,Cobby,Jefford,cjeffordjf@blog.com,2.34,Support,700
701,Solomon,Beavors,sbeavorsjg@huffingtonpost.com,1.83,Services,701
702,Araldo,Le Friec,alefriecjh@illinois.edu,3.06,Human Resources,702
703,Ralph,Connold,rconnoldji@upenn.edu,1.51,Human Resources,703
704,Molly,Gatchell,mgatchelljj@sogou.com,2.51,Support,704
705,Bruce,Holsey,bholseyjk@xing.com,3.56,Product Management,705
706,Gerri,Wyett,gwyettjl@blinklist.com,2.76,Engineering,706
707,Herve,Durtnal,hdurtnaljm@china.com.cn,2.11,Engineering,707
708,Lyle,O'Rowane,lorowanejn@artisteer.com,2.0,Legal,708
709,Margaret,Comusso,mcomussojo@github.com,1.94,Human Resources,709
710,Rickert,Geindre,rgeindrejp@pinterest.com,3.34,Product Management,710
711,Jeniece,Alejandro,jalejandrojq@adobe.com,2.61,Marketing,711
712,Candida,Dankov,cdankovjr@gizmodo.com,3.2,Support,712
713,Cary,Bare,cbarejs@upenn.edu,1.58,Sales,713
714,Cori,Kesper,ckesperjt@earthlink.net,3.9,Engineering,714
715,Tamara,Rowlin,trowlinju@merriam-webster.com,3.7,Research and Development,715
716,Jessee,Bacher,jbacherjv@usnews.com,1.34,Legal,716
717,Fred,Lanaway,flanawayjw@dailymotion.com,1.97,Training,717
718,Nikita,Bollins,nbollinsjx@amazon.com,2.03,Legal,718
719,Ferdie,Dymock,fdymockjy@disqus.com,2.29,Research and Development,719
720,Liliane,Jeratt,ljerattjz@desdev.cn,2.29,Sales,720
721,Manya,Clementi,mclementik0@sourceforge.net,1.11,Marketing,721
722,Clareta,Drewe,cdrewek1@newyorker.com,3.92,Engineering,722
723,Pren,Treleaven,ptreleavenk2@topsy.com,3.75,Training,723
724,Natividad,Gates,ngatesk3@scientificamerican.com,3.72,Support,724
725,Kayla,Pryor,kpryork4@china.com.cn,3.67,Engineering,725
726,Lucien,Hurles,lhurlesk5@imageshack.us,3.15,Product Management,726
727,Kippar,Dumbrill,kdumbrillk6@netvibes.com,2.84,Sales,727
728,Debee,Akid,dakidk7@taobao.com,2.0,Product Management,728
729,Morty,Middleditch,mmiddleditchk8@aol.com,3.91,Accounting,729
730,Buddie,Weatherhill,bweatherhillk9@cbsnews.com,1.92,Sales,730
731,Nealy,Dimmne,ndimmneka@altervista.org,2.52,Services,731
732,Delmor,Rannie,dranniekb@usgs.gov,3.68,Research and Development,732
733,Ethelbert,Fassan,efassankc@jimdo.com,1.22,Training,733
734,Gay,Dudden,gduddenkd@usnews.com,3.71,Support,734
735,Daren,Hegarty,dhegartyke@dailymotion.com,3.08,Legal,735
736,Douglas,Blumsom,dblumsomkf@ameblo.jp,2.69,Support,736
737,Florette,Euston,feustonkg@mit.edu,2.97,Human Resources,737
738,Adelaida,Murgatroyd,amurgatroydkh@epa.gov,2.42,Training,738
739,Elvin,Clampin,eclampinki@newsvine.com,3.8,Legal,739
740,Violet,Elldred,velldredkj@buzzfeed.com,1.01,Services,740
741,Felicio,Appleby,fapplebykk@ifeng.com,2.11,Support,741
742,Drusie,Demanche,ddemanchekl@cafepress.com,1.04,Training,742
743,Claudia,Ducker,cduckerkm@about.com,3.58,Accounting,743
744,Albertina,Du Fray,adufraykn@netlog.com,3.69,Accounting,744
745,Billi,McAsgill,bmcasgillko@washingtonpost.com,3.04,Services,745
746,Tiffani,Roles,troleskp@cdc.gov,1.54,Research and Development,746
747,Randell,Wixon,rwixonkq@huffingtonpost.com,3.28,Sales,747
748,Araldo,Rains,arainskr@lycos.com,2.55,Marketing,748
749,Phillip,Marder,pmarderks@php.net,3.28,Sales,749
750,Derry,Quillinane,dquillinanekt@wiley.com,3.2,Research and Development,750
751,Cynthie,Silk,csilkku@samsung.com,1.61,Human Resources,751
752,Essie,Shipman,eshipmankv@sitemeter.com,3.05,Business Development,752
753,Audre,Tramel,atramelkw@example.com,3.66,Sales,753
754,Linnet,Vickars,lvickarskx@icq.com,2.74,Engineering,754
755,Arabele,Doyle,adoyleky@globo.com,2.51,Marketing,755
756,Ynes,Hallgalley,yhallgalleykz@hostgator.com,3.72,Marketing,756
757,Melody,Mulqueeny,mmulqueenyl0@examiner.com,1.32,Sales,757
758,Abbot,Brisard,abrisardl1@g.co,1.22,Product Management,758
759,Lida,Rowes,lrowesl2@marketwatch.com,1.32,Business Development,759
760,Raimund,Courtois,rcourtoisl3@joomla.org,1.83,Engineering,760
761,Eb,Syratt,esyrattl4@google.com.br,1.06,Support,761
762,Sherm,Poag,spoagl5@arizona.edu,3.27,Training,762
763,Ephrayim,Loncaster,eloncasterl6@vk.com,2.19,Training,763
764,Harley,Filasov,hfilasovl7@narod.ru,3.91,Services,764
765,Lind,Poulsom,lpoulsoml8@arstechnica.com,1.01,Marketing,765
766,Sue,Toyer,stoyerl9@psu.edu,2.63,Legal,766
767,Pattie,McJerrow,pmcjerrowla@creativecommons.org,3.91,Research and Development,767
768,Ros,Urey,rureylb@g.co,3.94,Training,768
769,Janith,Storch,jstorchlc@arstechnica.com,1.03,Research and Development,769
770,Bendix,Wilcott,bwilcottld@huffingtonpost.com,3.62,Services,770
771,Maria,Clendinning,mclendinningle@ezinearticles.com,1.9,Sales,771
772,Gabriello,Hundy,ghundylf@google.cn,3.01,Services,772
773,Goldi,Shakespear,gshakespearlg@clickbank.net,1.41,Product Management,773
774,Kora,Marcome,kmarcomelh@dot.gov,1.25,Legal,774
775,Lane,Elphee,lelpheeli@mapquest.com,3.22,Business Development,775
776,Ambur,Iggulden,aigguldenlj@oakley.com,1.64,Accounting,776
777,Nevil,Archbould,narchbouldlk@reverbnation.com,1.77,Services,777
778,Nicki,Vear,nvearll@wiley.com,2.8,Research and Development,778
779,Minne,Leon,mleonlm@indiatimes.com,2.65,Training,779
780,Malanie,Schroeder,mschroederln@usatoday.com,1.71,Services,780
781,Beilul,Spera,bsperalo@wufoo.com,1.96,Human Resources,781
782,Lillis,Maberley,lmaberleylp@oaic.gov.au,2.06,Research and Development,782
783,Florencia,Ewart,fewartlq@facebook.com,3.88,Human Resources,783
784,Nannette,Kilius,nkiliuslr@google.ru,1.97,Services,784
785,Margalo,Cormack,mcormackls@yandex.ru,2.03,Research and Development,785
786,Georgianne,Treharne,gtreharnelt@ihg.com,3.42,Product Management,786
787,Yardley,Henric,yhenriclu@prweb.com,2.06,Marketing,787
788,Scotti,Primmer,sprimmerlv@wikimedia.org,3.98,Support,788
789,Rogerio,Bircher,rbircherlw@hugedomains.com,1.23,Accounting,789
790,Moore,McElhinney,mmcelhinneylx@cbslocal.com,1.05,Support,790
791,Koral,Flatley,kflatleyly@youtu.be,1.9,Legal,791
792,Colet,Allatt,callattlz@cargocollective.com,1.21,Services,792
793,Jayme,Sammons,jsammonsm0@netlog.com,1.37,Business Development,793
794,Nanete,Bellsham,nbellshamm1@nbcnews.com,3.34,Product Management,794
795,Danika,Teenan,dteenanm2@latimes.com,2.46,Marketing,795
796,Bunny,Twitchett,btwitchettm3@scientificamerican.com,1.31,Engineering,796
797,Seward,Rucklesse,srucklessem4@sohu.com,3.33,Marketing,797
798,Koral,Fitzackerley,kfitzackerleym5@paypal.com,3.01,Product Management,798
799,Demott,Lagen,dlagenm6@reverbnation.com,3.86,Support,799
800,Petrina,Tiptaft,ptiptaftm7@artisteer.com,2.88,Product Management,800
801,Vin,Kryszkiecicz,vkryszkieciczm8@friendfeed.com,2.11,Support,801
802,Ameline,Coulton,acoultonm9@unblog.fr,1.37,Training,802
803,Erik,Barroux,ebarrouxma@csmonitor.com,1.63,Research and Development,803
804,Austine,Sussems,asussemsmb@123-reg.co.uk,2.07,Business Development,804
805,Nero,Stilling,nstillingmc@un.org,1.27,Engineering,805
806,Tine,Knappen,tknappenmd@paypal.com,3.37,Product Management,806
807,Marillin,Pratty,mprattyme@uol.com.br,3.7,Legal,807
808,Fitzgerald,Lambrick,flambrickmf@elegantthemes.com,2.72,Marketing,808
809,Shadow,Freiberg,sfreibergmg@youtube.com,2.55,Support,809
810,Ara,Huncote,ahuncotemh@ocn.ne.jp,1.45,Business Development,810
811,Cori,Berzin,cberzinmi@tripod.com,3.55,Support,811
812,Ashely,Heminsley,aheminsleymj@dell.com,1.42,Training,812
813,Beauregard,Adne,badnemk@vkontakte.ru,3.74,Marketing,813
814,Korella,Goede,kgoedeml@pbs.org,1.16,Product Management,814
815,Nissy,Crips,ncripsmm@mediafire.com,2.43,Training,815
816,Neille,MacArd,nmacardmn@salon.com,2.12,Human Resources,816
817,Farr,Gloy,fgloymo@symantec.com,3.95,Sales,817
818,Llywellyn,MacRedmond,lmacredmondmp@histats.com,1.99,Product Management,818
819,Shaylyn,Holwell,sholwellmq@twitpic.com,3.46,Support,819
820,Nelly,De Carolis,ndecarolismr@mozilla.org,1.33,Services,820
821,Aldwin,Britian,abritianms@cyberchimps.com,2.51,Human Resources,821
822,Roanna,Rosekilly,rrosekillymt@umich.edu,1.88,Support,822
823,Irving,Snibson,isnibsonmu@jimdo.com,1.72,Product Management,823
824,Giorgia,Fulep,gfulepmv@xrea.com,2.47,Product Management,824
825,Paddy,Gile,pgilemw@telegraph.co.uk,1.85,Business Development,825
826,Rob,Haxbie,rhaxbiemx@bloglovin.com,2.15,Business Development,826
827,Giraldo,Uzielli,guziellimy@dedecms.com,3.27,Training,827
828,Gabby,Shillabear,gshillabearmz@opensource.org,2.45,Training,828
829,Deane,Klimkiewich,dklimkiewichn0@sciencedirect.com,2.74,Services,829
830,Rabbi,McMorran,rmcmorrann1@topsy.com,1.77,Product Management,830
831,Jeana,Adams,jadamsn2@shinystat.com,2.18,Sales,831
832,Gerhardt,Stanwix,gstanwixn3@nba.com,2.37,Services,832
833,Timmi,Lawles,tlawlesn4@sfgate.com,1.9,Support,833
834,Millard,Beckson,mbecksonn5@about.me,3.15,Accounting,834
835,Eleonora,Dronsfield,edronsfieldn6@so-net.ne.jp,1.46,Engineering,835
836,Frederique,Cutmare,fcutmaren7@pbs.org,2.21,Marketing,836
837,Deborah,Mouncher,dmounchern8@cdbaby.com,2.3,Support,837
838,Anstice,Fishby,afishbyn9@paginegialle.it,3.65,Product Management,838
839,Kacy,Quillinane,kquillinanena@slideshare.net,2.94,Business Development,839
840,Fannie,Miell,fmiellnb@hao123.com,2.46,Legal,840
841,Erminie,Pearsey,epearseync@themeforest.net,2.46,Human Resources,841
842,Sela,Ezzell,sezzellnd@microsoft.com,2.38,Business Development,842
843,Talyah,Collin,tcollinne@businessinsider.com,3.59,Training,843
844,Charyl,Tunsley,ctunsleynf@de.vu,3.65,Legal,844
845,Ekaterina,Scad,escadng@nyu.edu,1.57,Human Resources,845
846,Laughton,McVane,lmcvanenh@deviantart.com,1.45,Accounting,846
847,Jameson,Strattan,jstrattanni@about.me,1.64,Training,847
848,Myra,Antrum,mantrumnj@de.vu,1.71,Support,848
849,Heindrick,Kinmond,hkinmondnk@webeden.co.uk,1.01,Accounting,849
850,Ina,Andersson,ianderssonnl@marketwatch.com,1.87,Sales,850
851,Odelinda,Hazley,ohazleynm@tumblr.com,1.92,Engineering,851
852,Gherardo,Conachie,gconachienn@de.vu,2.69,Services,852
853,Rad,Augustus,raugustusno@state.gov,1.52,Engineering,853
854,Tore,Antognoni,tantognoninp@sohu.com,3.77,Training,854
855,Nollie,Vaney,nvaneynq@businessinsider.com,3.11,Product Management,855
856,Nikki,Lohering,nloheringnr@gnu.org,3.17,Support,856
857,Carey,Gronaller,cgronallerns@usa.gov,3.88,Legal,857
858,Elnore,Sturte,esturtent@networkadvertising.org,1.9,Marketing,858
859,Radcliffe,Privett,rprivettnu@yandex.ru,1.45,Accounting,859
860,Nickolaus,Girsch,ngirschnv@wired.com,3.63,Training,860
861,Randell,Morteo,rmorteonw@typepad.com,1.85,Legal,861
862,Sholom,Goodnow,sgoodnownx@blinklist.com,1.45,Sales,862
863,Emilie,Bleby,eblebyny@buzzfeed.com,1.77,Human Resources,863
864,Kipp,Ghilardi,kghilardinz@ow.ly,2.12,Accounting,864
865,Kathie,Bunhill,kbunhillo0@usa.gov,1.21,Legal,865
866,Pepi,Kench,pkencho1@pinterest.com,3.76,Business Development,866
867,Avram,Gurney,agurneyo2@nih.gov,2.32,Human Resources,867
868,Cthrine,Copnell,ccopnello3@yelp.com,3.53,Human Resources,868
869,Rozanne,Benstead,rbensteado4@google.nl,2.13,Sales,869
870,Trumann,Barreau,tbarreauo5@cnn.com,2.45,Accounting,870
871,Leyla,Worsall,lworsallo6@mozilla.org,1.81,Product Management,871
872,James,Lowndsbrough,jlowndsbrougho7@wikia.com,1.88,Accounting,872
873,Aryn,Bickerton,abickertono8@psu.edu,2.89,Engineering,873
874,Willette,Farleigh,wfarleigho9@fotki.com,1.42,Engineering,874
875,Kelly,Tinkham,ktinkhamoa@eventbrite.com,2.08,Accounting,875
876,Sisile,Spurier,sspurierob@last.fm,3.19,Legal,876
877,Prudy,Byforth,pbyforthoc@wix.com,2.9,Research and Development,877
878,Ermentrude,Mathan,emathanod@dmoz.org,3.83,Support,878
879,Marwin,Lotherington,mlotheringtonoe@gnu.org,1.02,Legal,879
880,Oralle,Hendriksen,ohendriksenof@answers.com,3.82,Services,880
881,Ignaz,Massow,imassowog@4shared.com,2.78,Business Development,881
882,Sargent,Tomson,stomsonoh@exblog.jp,2.7,Research and Development,882
883,Kessiah,Wawer,kwaweroi@theatlantic.com,3.37,Research and Development,883
884,Mariel,Farlow,mfarlowoj@yelp.com,1.11,Engineering,884
885,Ignacius,Loughrey,iloughreyok@weather.com,3.52,Accounting,885
886,Charmain,Wiggall,cwiggallol@amazon.com,3.43,Product Management,886
887,Giuseppe,Garvey,ggarveyom@skyrock.com,3.42,Marketing,887
888,Ted,Marchelli,tmarchellion@bloomberg.com,3.23,Sales,888
889,Aaron,Lehr,alehroo@paypal.com,1.12,Legal,889
890,Abbi,Salvador,asalvadorop@accuweather.com,1.64,Legal,890
891,Meta,Bleesing,mbleesingoq@usatoday.com,2.29,Services,891
892,Dallon,Colson,dcolsonor@t.co,1.9,Product Management,892
893,Blanche,Thorneloe,bthorneloeos@rakuten.co.jp,2.52,Sales,893
894,Dicky,Gillet,dgilletot@illinois.edu,2.18,Human Resources,894
895,Aubrey,Ohm,aohmou@google.nl,2.96,Business Development,895
896,Marvin,Muccino,mmuccinoov@nih.gov,2.36,Business Development,896
897,Jermaine,Jaimez,jjaimezow@homestead.com,2.13,Product Management,897
898,Carole,Spreadbury,cspreadburyox@stumbleupon.com,1.43,Accounting,898
899,Terri-jo,Curnnok,tcurnnokoy@dmoz.org,2.05,Marketing,899
900,Nestor,Glendining,nglendiningoz@yale.edu,2.29,Research and Development,900
901,Kattie,Lynskey,klynskeyp0@1und1.de,2.42,Marketing,901
902,Hans,Morgen,hmorgenp1@hc360.com,3.53,Business Development,902
903,Jeth,Bartos,jbartosp2@guardian.co.uk,3.11,Legal,903
904,Thaddeus,Ruston,trustonp3@tripod.com,2.95,Human Resources,904
905,Billie,Strelitzki,bstrelitzkip4@intel.com,3.3,Accounting,905
906,Piper,Stanyforth,pstanyforthp5@globo.com,2.93,Marketing,906
907,Johnath,Ferry,jferryp6@irs.gov,1.82,Training,907
908,Maryellen,Reignould,mreignouldp7@histats.com,3.38,Accounting,908
909,Kyle,Lieb,kliebp8@mac.com,2.74,Human Resources,909
910,Gerrard,Munroe,gmunroep9@vinaora.com,1.26,Legal,910
911,Astrid,O'Calleran,aocalleranpa@fotki.com,1.55,Support,911
912,Chan,Veazey,cveazeypb@discuz.net,4.0,Product Management,912
913,Katie,Asling,kaslingpc@nih.gov,3.89,Accounting,913
914,Emory,Pepperrall,epepperrallpd@photobucket.com,2.55,Legal,914
915,Charo,Laxtonne,claxtonnepe@state.tx.us,1.26,Support,915
916,Barnard,Billiard,bbilliardpf@theatlantic.com,1.83,Human Resources,916
917,Krystle,Brettel,kbrettelpg@youtu.be,2.61,Sales,917
918,Ursola,Fern,ufernph@skyrock.com,1.98,Human Resources,918
919,Jacqui,Giffon,jgiffonpi@adobe.com,1.12,Legal,919
920,Isa,De Laspee,idelaspeepj@virginia.edu,2.34,Sales,920
921,Nara,Zettler,nzettlerpk@liveinternet.ru,2.29,Sales,921
922,Jacquelyn,Hector,jhectorpl@clickbank.net,1.61,Sales,922
923,Laney,Mableson,lmablesonpm@i2i.jp,2.63,Services,923
924,Car,Moland,cmolandpn@nymag.com,2.5,Human Resources,924
925,Kalvin,Mather,kmatherpo@51.la,1.3,Support,925
926,Shurwood,Jansens,sjansenspp@utexas.edu,3.23,Accounting,926
927,Read,Benton,rbentonpq@networksolutions.com,3.99,Sales,927
928,Brandea,Diviney,bdivineypr@cyberchimps.com,1.89,Services,928
929,Val,Pentycost,vpentycostps@prlog.org,3.15,Engineering,929
930,Gladys,Donohue,gdonohuept@desdev.cn,1.47,Training,930
931,Lauralee,Huws,lhuwspu@europa.eu,2.97,Human Resources,931
932,Briny,Filchagin,bfilchaginpv@free.fr,1.44,Sales,932
933,Em,Lathleiffure,elathleiffurepw@examiner.com,3.05,Human Resources,933
934,Elisabeth,Aspden,easpdenpx@moonfruit.com,3.05,Legal,934
935,Elana,Matteoni,ematteonipy@cbc.ca,1.07,Training,935
936,Ricky,Franciotti,rfranciottipz@mayoclinic.com,1.21,Human Resources,936
937,Edna,Burgane,eburganeq0@dedecms.com,1.13,Engineering,937
938,Mariam,Minillo,mminilloq1@infoseek.co.jp,3.99,Human Resources,938
939,Joleen,Punt,jpuntq2@indiegogo.com,2.14,Marketing,939
940,Fonz,Pree,fpreeq3@independent.co.uk,2.04,Support,940
941,Yalonda,Leethem,yleethemq4@businesswire.com,3.52,Training,941
942,Hoyt,Marushak,hmarushakq5@canalblog.com,2.27,Human Resources,942
943,Mace,Troubridge,mtroubridgeq6@mapquest.com,2.15,Sales,943
944,Veradis,Krook,vkrookq7@shutterfly.com,1.82,Legal,944
945,Greta,Accomb,gaccombq8@soundcloud.com,2.08,Research and Development,945
946,Karim,Mannix,kmannixq9@dagondesign.com,2.21,Research and Development,946
947,Hermy,Ferrolli,hferrolliqa@reverbnation.com,3.26,Services,947
948,Kara-lynn,Tregear,ktregearqb@cpanel.net,2.3,Business Development,948
949,Hershel,Lilleyman,hlilleymanqc@youtu.be,2.28,Product Management,949
950,Bordy,Bradmore,bbradmoreqd@dagondesign.com,1.68,Legal,950
951,Nata,Dottridge,ndottridgeqe@webnode.com,1.95,Support,951
952,Shantee,Stansby,sstansbyqf@uiuc.edu,1.96,Human Resources,952
953,Bartlet,Poleye,bpoleyeqg@vk.com,2.69,Training,953
954,Guilbert,Chestle,gchestleqh@geocities.com,1.44,Training,954
955,Lyndell,Mawford,lmawfordqi@nasa.gov,1.34,Human Resources,955
956,Ignaz,Probbings,iprobbingsqj@globo.com,1.64,Human Resources,956
957,Roxana,Elizabeth,relizabethqk@businessinsider.com,1.33,Product Management,957
958,Thea,Cridland,tcridlandql@miibeian.gov.cn,3.58,Sales,958
959,Carl,Fairbourne,cfairbourneqm@ameblo.jp,3.93,Product Management,959
960,Bartie,O'Doran,bodoranqn@usnews.com,3.14,Engineering,960
961,Sela,Robeson,srobesonqo@freewebs.com,3.83,Marketing,961
962,Tades,Harbertson,tharbertsonqp@harvard.edu,1.18,Accounting,962
963,Ira,Russe,irusseqq@earthlink.net,2.55,Product Management,963
964,Marisa,Dufaire,mdufaireqr@npr.org,3.08,Human Resources,964
965,Constantia,Coneybeare,cconeybeareqs@sakura.ne.jp,3.96,Human Resources,965
966,Egon,Siccombe,esiccombeqt@fda.gov,3.38,Legal,966
967,Jemmy,Marchenko,jmarchenkoqu@narod.ru,1.5,Legal,967
968,Lilas,Bonnor,lbonnorqv@yellowpages.com,2.19,Services,968
969,Mohandis,Abrahami,mabrahamiqw@cnbc.com,2.07,Services,969
970,Irita,Harbour,iharbourqx@xinhuanet.com,2.01,Business Development,970
971,Vasili,Colvine,vcolvineqy@theatlantic.com,1.12,Legal,971
972,Nicholle,Garthside,ngarthsideqz@fastcompany.com,3.02,Human Resources,972
973,Kelcie,Franek,kfranekr0@mapquest.com,3.94,Sales,973
974,Ilise,Newland,inewlandr1@reuters.com,1.4,Sales,974
975,Tera,Genicke,tgenicker2@friendfeed.com,3.7,Engineering,975
976,Kara,Sparey,kspareyr3@nyu.edu,1.01,Sales,976
977,Hobart,Murt,hmurtr4@ucoz.com,3.87,Accounting,977
978,Wilfrid,Giscken,wgisckenr5@nps.gov,2.14,Sales,978
979,Andres,Horsefield,ahorsefieldr6@ihg.com,2.15,Sales,979
980,Koenraad,McMarquis,kmcmarquisr7@goo.ne.jp,1.85,Research and Development,980
981,Micki,Reck,mreckr8@a8.net,1.73,Research and Development,981
982,Minna,Manns,mmannsr9@pen.io,3.32,Legal,982
983,Twyla,Llywarch,tllywarchra@wikimedia.org,3.8,Research and Development,983
984,Aida,McGillicuddy,amcgillicuddyrb@com.com,2.99,Training,984
985,Abbe,McAllister,amcallisterrc@sbwire.com,3.82,Accounting,985
986,Tamar,Davidovitz,tdavidovitzrd@barnesandnoble.com,1.53,Services,986
987,Horten,Coey,hcoeyre@chron.com,1.09,Product Management,987
988,Vale,Wellman,vwellmanrf@tuttocitta.it,3.33,Engineering,988
989,Laney,Feeley,lfeeleyrg@tinypic.com,3.38,Accounting,989
990,Vonny,Fumagallo,vfumagallorh@about.me,1.61,Engineering,990
991,Lorinda,Gorbell,lgorbellri@geocities.jp,2.98,Engineering,991
992,Donnie,Fauguel,dfauguelrj@yandex.ru,2.43,Marketing,992
993,Kariotta,Bage,kbagerk@miibeian.gov.cn,1.03,Sales,993
994,Baird,Van Halen,bvanhalenrl@1und1.de,1.81,Engineering,994
995,Cary,Matousek,cmatousekrm@imgur.com,3.24,Legal,995
996,Shanta,Knuckles,sknucklesrn@xrea.com,2.42,Legal,996
997,Hewe,Hallstone,hhallstonero@loc.gov,2.52,Marketing,997
998,Warden,Sillwood,wsillwoodrp@tinypic.com,2.58,Support,998
999,Nathalia,Beak,nbeakrq@ocn.ne.jp,3.21,Services,999
1000,Kalindi,Cinnamond,kcinnamondrr@theguardian.com,2.27,Support,1000
